tconst,primaryTitle,startYear,genres
tt9826992,Hostal Don Tulio,2018,Comedy
tt9827314,Eizenkot.,2019,Documentary
tt9827338,The History of Punk Rock,2019,Documentary
tt9827352,AIDS Diva: The Legend of Connie Norman,2021,"Documentary,History"
tt9827784,Farewell Song,2019,"Drama,Music,Romance"
tt9827834,Sylvie's Love,2020,"Drama,Music,Romance"
tt9827998,Pearl Part 2,2019,Thriller
tt9828254,Ghost Master,2019,"Comedy,Horror"
tt9828278,Miss Jenis,2020,Drama
tt9828464,Suami Aku Ustaz,2015,"Drama,Family,Romance"
tt9828802,Vaya luna de miel,1980,"Adventure,Comedy"
tt9828814,MatiAnak,2019,Horror
tt9828864,The Grey,2020,"Drama,Mystery"
tt9828918,#Iamhere,2019,Comedy
tt9829090,Winter's Yearning,2019,Documentary
tt9829092,Inocencia,2018,Drama
tt9829108,Pha Dam Kam Ai,2024,Comedy
tt9829324,Pian hän tulee,2019,Documentary
tt9829966,Samhita,2013,Drama
tt9830138,Aquarius Visionarius - Il cinema di Michele Soavi,2018,Documentary
tt9831136,The Banana Splits Movie,2019,"Comedy,Horror,Thriller"
tt9831814,Sacred Mask,2023,"Action,Drama,Family"
tt9832110,Mooncussers,1962,"Adventure,Biography,Drama"
tt9832396,Sakigake!! Otokojuku Movie,1988,"Action,Animation,Comedy"
tt9832510,5 Pounds of Pressure,2024,Action
tt9832684,Hudson Taylor: Into the Heart of the Dragon,2018,Documentary
tt9833068,Nordic Pulse,2019,Documentary
tt9833226,Hamabe no gêmu,2019,Drama
tt9833308,Saurus City,2025,"Adventure,Animation,Family"
tt9833362,Holly Near: Singing For Our Lives,2018,Documentary
tt9833886,Intercambiadas,2019,Comedy
tt9834062,Ahaa Re,2019,Drama
tt9834492,Yalda: A Night for Forgivness,2019,"Drama,Thriller"
tt9834506,Post Mortem,2020,"Horror,Mystery,Thriller"
tt9834736,The Birth of Deceit,2019,"Mystery,Thriller"
tt9834798,That's the Way You Love,2019,Drama
tt9837320,The Potato Venture,2020,Comedy
tt9837502,Merry Men: The Real Yoruba Demons,2018,"Action,Comedy"
tt9837530,Monkey King Reloaded,2017,"Adventure,Animation"
tt9837672,Are You There?,2019,Documentary
tt9838252,VHS Massacre Too,2020,Documentary
tt9838364,Father,2017,"Biography,Documentary"
tt9838372,The Lady Improper,2019,"Drama,Romance"
tt9838378,Randen,2019,"Drama,Romance"
tt9838412,Wild Tour,2019,Drama
tt9838414,Sisterhood,2019,Drama
tt9838656,The Euphonious One and the Nice one,1977,"Adventure,Crime"
tt9838780,Hidden Dragon Battle,2019,Action
tt9838980,Vampire Clay 2,2019,Horror
tt9839008,Man in Manchester of Maharashtra,2018,Documentary
tt9839038,Jim Button and the Wild 13,2020,"Adventure,Family,Fantasy"
tt9839040,Murphy's Law,2019,"Action,Comedy,Fantasy"
tt9839380,Happy Lucky,2018,Comedy
tt9839636,The Perfect Wedding,2019,"Comedy,Romance"
tt9839670,River Tales,2020,Documentary
tt9839686,Schlussklappe,2022,"Comedy,Drama"
tt9840382,Se mi vuoi bene,2019,Comedy
tt9840958,Love Struck Sick,2019,Romance
tt9841750,The Tale of a Thousand and One Lives,2018,"Comedy,Drama"
tt9841876,Bhonga,2018,Drama
tt9842404,Dream Journey 2: Princess Iron Fan,2017,"Adventure,Fantasy"
tt9842544,Jonás II. aneb Jak je dulezité míti Melicharovou,1988,"Comedy,Musical"
tt9842678,Entierro,2019,Biography
tt9842740,The Black Tree,2018,Documentary
tt9842872,Sher Singh,2019,Action
tt9842874,Nothing Left - Just That Summer,2018,"Comedy,Drama,History"
tt9842918,The Target,2016,Action
tt9843292,Fisch lernt fliegen,2019,Drama
tt9843390,VampyrZ on a Boat,2022,"Horror,Romance"
tt9843402,Landless,2019,Documentary
tt9843470,The Island of Lies,2020,Drama
tt9843632,We Didn't Know Love During First Love,1987,"Drama,Romance"
tt9843984,2036 Apocalypse Earth,2019,"Action,Adventure,Crime"
tt9844004,Messi,2017,Sport
tt9844062,Count Orlov: The Musical,2012,Musical
tt9844102,Ray,2018,Crime
tt9844256,Code Geass: Lelouch of the Rebellion - Emperor,2018,"Action,Animation,Sci-Fi"
tt9844322,Kaamelott: First Installment,2021,"Adventure,Comedy,Fantasy"
tt9844358,Satsujinki o kau onna,2019,Horror
tt9844368,Out of Liberty,2019,"Drama,Western"
tt9844448,Q's Barbershop,2019,Documentary
tt9844522,Escape Room: Tournament of Champions,2021,"Action,Adventure,Horror"
tt9844650,Fighting Men of China,2018,Drama
tt9844864,Leading Ladies,2021,"Comedy,Drama"
tt9844890,#AbroHilo,2019,Documentary
tt9844892,Time & Again,2019,"Drama,Romance"
tt9844938,"Onoda: 10,000 Nights in the Jungle",2021,"Adventure,Drama,History"
tt9844944,Exit Point,2019,Action
tt9845012,The Makavejev Case or Trial in a Movie Theater,2018,Documentary
tt9845036,Carturan,2019,Drama
tt9845110,Two of Us,2019,"Drama,Romance"
tt9845398,End of the Century,2019,Drama
tt9845564,Below Zero,2021,"Action,Adventure,Crime"
tt9846030,The Little Refugee,2020,Drama
tt9846154,Sadko,2018,"Comedy,Family"
tt9846650,Thrive II: This is What it Takes,2020,"Documentary,Sci-Fi"
tt9846692,Food ReLOVution,2016,Documentary
tt9846922,Sudu Hansi,2010,Drama
tt9847360,A Glitch in the Matrix,2021,Documentary
tt9847482,"I will speak, I will speak!",2018,Documentary
tt9848092,De brief voor Sinterklaas,2019,Family
tt9848124,Pinkfong 50 Best Hits: Baby Shark and More,2019,Music
tt9848382,Trumphobia: What Both Sides Fear,2020,Documentary
tt9848404,When a Woman Loves a Man,2019,Drama
tt9848626,Hotel Transylvania 4: Transformania,2022,"Adventure,Animation,Comedy"
tt9848668,Sea of Time,2022,Drama
tt9848724,Akra,2019,Documentary
tt9848804,"May 13th, Night of Sorrow",1965,Drama
tt9848946,Aruakh,2018,"Drama,Horror"
tt9848962,Soldier Boy,2019,"Drama,War"
tt9848968,Same But Different: A True New Zealand Love Story,2019,"Comedy,Drama,Romance"
tt9848972,Bilched,2019,"Comedy,Drama"
tt9848990,To Win It All,2019,Documentary
tt9849004,Happily,2021,"Comedy,Crime,Romance"
tt9849122,Sriman Surdas,2018,"Action,Comedy"
tt9849176,The Irish Comedy Tour,2019,Comedy
tt9849230,After-School Starlight,2019,"Comedy,Drama,Romance"
tt9849402,The Charcoal,2019,Drama
tt9849644,Mind Thief,2022,"Comedy,Mystery,Sci-Fi"
tt9849964,All of Them Are Troublesome Girls!,2019,"Comedy,Romance"
tt9850050,Charter,2020,Drama
tt9850064,Children of the Sea,2019,"Adventure,Animation,Fantasy"
tt9850116,Hot Scent,2018,"Drama,Thriller"
tt9850264,Paradise War: The Story of Bruno Manser,2019,"Adventure,Biography,Drama"
tt9850344,Night Shift,2020,"Crime,Drama,Thriller"
tt9850370,#Anne Frank Parallel Stories,2019,"Documentary,Drama,History"
tt9850386,The Bee Gees: How Can You Mend a Broken Heart,2020,"Biography,Documentary,Music"
tt9850388,Sugartown: For a Fistful of Votes,2019,Documentary
tt9850488,Tigers,2020,"Biography,Drama,Sport"
tt9850492,Babi Yar. Context,2021,"Documentary,History"
tt9850646,Doorbeen,2019,"Adventure,Comedy,Drama"
tt9850740,Sold Out,2021,"Drama,Music,Romance"
tt9851050,Sisters,2019,"Action,Drama,Fantasy"
tt9851854,Major,2022,"Action,Biography,Drama"
tt9852644,La Fin des terres,2019,Documentary
tt9853118,KYrYoyekh,2014,Crime
tt9853264,Chorar de Rir,2019,"Comedy,Drama"
tt9853488,Jade Hunters of China,2016,Documentary
tt9853500,Bandit,2022,"Biography,Crime,Drama"
tt9853632,Los Fierros,2018,Drama
tt9853664,Luz,2025,Drama
tt9853686,Black Man White Skin,2015,Documentary
tt9853814,De Lo Mio,2019,"Comedy,Drama"
tt9853992,The Long Goodbye-The Kara Tippetts Story,2019,Documentary
tt9854058,Shadows,2022,"Action,Crime"
tt9854638,Mamá al volante,2019,Comedy
tt9854782,Water Makes Us Wet: An Ecosexual Adventure,2019,Documentary
tt9854844,Familia Blondina,2019,Comedy
tt9854992,Saber Crecer,2017,"Comedy,Drama"
tt9855170,"Blood, Passion & Coffee",2019,Drama
tt9855210,An Actress' Dream,1985,"Crime,Drama"
tt9855214,Kisan,2006,"Drama,Sport"
tt9855500,Who Killed Nicole?,2019,"Crime,Documentary,Drama"
tt9855510,Oildale,2019,"Drama,Family,Music"
tt9855672,Ami O Manohor,2018,Drama
tt9855728,Under Your Bed,2019,"Drama,Thriller"
tt9855792,Fribytterdrømmen,2019,"Documentary,Music"
tt9855978,Dreambuilders,2020,"Adventure,Animation,Comedy"
tt9855990,Nightmare Tenant,2018,Thriller
tt9856064,The Unknown Life of Antarctica,2019,Documentary
tt9856352,Marianne,2023,Drama
tt9856438,A Southern Fix,2017,Documentary
tt9856574,The Spore,2021,"Horror,Thriller"
tt9856606,Mister T.,2019,"Comedy,Drama"
tt9856680,Puffs: Filmed Live Off Broadway,2018,"Adventure,Comedy"
tt9857170,Seinäjoen arabikevät,2019,Documentary
tt9857480,Golden Voices,2019,"Comedy,Drama,Romance"
tt9857522,Daughter of Shanghai,2019,Documentary
tt9857850,A Guide to Gunfighters of the Wild West,2021,"Comedy,Drama,Western"
tt9858456,Dave Grusin: Not Enough Time,2018,"Biography,Documentary,Music"
tt9858794,Republic Z,2018,"Adventure,Horror,Thriller"
tt9858942,Lindy the Return of Little Light,2019,"Biography,Documentary,History"
tt9859372,Plastic Crack Documentary,2019,Documentary
tt9859504,Men of Hard Skin,2019,Drama
tt9859510,Landmarks,2025,Documentary
tt9859574,Shiv Shastri Balboa,2022,"Comedy,Drama"
tt9859758,Ali & Alia,2019,"Drama,Romance"
tt9859786,Rory Gallagher: Irish Tour '74,1974,Documentary
tt9859814,The Cacophony of Donbas,2018,Documentary
tt9859960,Observar las aves,2019,Drama
tt9860350,The Asadas,2020,"Biography,Comedy,Drama"
tt9860566,Brothers,2024,"Action,Comedy,Crime"
tt9860728,Falling Inn Love,2019,"Comedy,Romance"
tt9860834,Untitled Chris Cornell Documentary,2021,Documentary
tt9860858,"Costa Brava, Lebanon",2021,Drama
tt9860860,Abduction 101,2019,"Adventure,Horror"
tt9861200,The Swedish Torpedo,2024,"Drama,Romance,Sport"
tt9861204,The Love Europe Project,2019,Drama
tt9861214,Drie dagen vis,2024,"Comedy,Drama"
tt9861220,Is She Raju?,2019,Comedy
tt9861230,The Quiet Migration,2023,Drama
tt9861254,Altin Horoz,2014,Comedy
tt9861288,Boutchou,2020,Comedy
tt9861480,Atlas,2021,Drama
tt9861522,Ali,2019,Drama
tt9861910,The Story of a Panty,2019,Documentary
tt9862444,Avenida Almirante Reis em 3 andamentos,2018,"Documentary,History"
tt9862466,God svini,2018,Comedy
tt9862468,"Téléphone, jolie petite histoire",2016,Documentary
tt9862978,Earth,2018,Documentary
tt9863150,Far from Us,2019,Drama
tt9863566,Urbanus: De Vuilnisheld,2019,"Animation,Comedy"
tt9863642,Deceitful Tendencies,2022,"Drama,Romance,Thriller"
tt9863778,A Kidnap,2022,Thriller
tt9864800,Like Dogs,2021,"Horror,Thriller"
tt9865010,Una chica invisible,2020,Comedy
tt9865282,13 Needles,2019,"Adventure,Fantasy"
tt9865310,Legend of the Demon Seal,2019,"Action,Drama,Fantasy"
tt9865452,Before It's Too Late,2019,"Drama,Thriller"
tt9865492,Curse of the Hag,2018,Horror
tt9866072,Holidate,2020,"Comedy,Romance"
tt9866202,A Clear Shot,2019,"Drama,Thriller"
tt9866204,All Those Small Things,2021,Drama
tt9866208,Beyond the Line,2019,War
tt9866220,Chocolate Road,2021,Documentary
tt9866284,The Far Green Country,2018,Documentary
tt9866344,Mon Ami Walid,2019,"Comedy,Drama"
tt9866620,"Porvenir, Texas",2019,Documentary
tt9866700,Paranormal Investigation,2018,"Horror,Thriller"
tt9866708,Wild Karnataka,2020,"Documentary,Family"
tt9866710,Obsession,2017,Thriller
tt9866712,Aadim Vichar,2014,"Comedy,Drama"
tt9866736,Rise: Ini Kalilah,2018,"Crime,Drama,History"
tt9866774,Beijing Diaries,2019,Drama
tt9866916,Mitra,2021,Drama
tt9866998,Surviving the Outback,2018,"Adventure,Documentary"
tt9867248,Look Me Over: Liberace,2021,"Biography,Documentary,Music"
tt9867278,When We Walk,2019,Documentary
tt9867458,Muse,2019,Drama
tt9867478,Approaching Shadows,2021,Horror
tt9867616,Almost Human,2019,"Documentary,Sci-Fi"
tt9867628,Thuramukham,2023,"Action,Drama,Thriller"
tt9868158,The Strings,2020,"Horror,Music,Thriller"
tt9868996,Yo necesito amor,2019,Drama
tt9869228,Star Trek: Dark Horizon,2015,Sci-Fi
tt9869564,"April 7, 1980",2020,"Action,Drama"
tt9869578,OCD & Me,2016,Documentary
tt9869668,The Final Ride,2019,"Comedy,Horror"
tt9869940,Brouwer: El Origen de la Sombra,2019,"Documentary,Music"
tt9869942,"Hugo Blanco, Deep River",2019,"Biography,Documentary,History"
tt9869952,The First Company,2018,"Documentary,War"
tt9869994,"The Match, the Annie Tyler Story",2018,"Comedy,Drama"
tt9870502,Star Trek: The Infinite Chain,1994,Sci-Fi
tt9870612,Randy Writes a Novel,2018,Comedy
tt9870726,Gholamreza Takhti,2019,"Biography,Drama,Sport"
tt9871454,Samhalinchha Kahile Mann,2022,"Action,Drama,Romance"
tt9871628,Vamp,2019,"Drama,Horror"
tt9871956,Bufo Alvarius: The Underground Secret,2018,Documentary
tt9871990,Paris Boutique,2022,Comedy
tt9872038,Twinkle Twinkle,2019,Horror
tt9872052,Eight,2018,Thriller
tt9872368,Give Me a Ride,2019,Drama
tt9872488,Anatoli's Dream,2018,Drama
tt9872556,Ordinary Happiness,2019,"Comedy,Drama,Fantasy"
tt9872558,Takkar,2023,"Action,Drama,Romance"
tt9872614,Face 2 Face,2019,Thriller
tt9872616,Marid,2019,Horror
tt9873004,Our Boys,2012,Drama
tt9873376,Stranded,2023,Horror
tt9873652,Wet Dog,2021,Drama
tt9873892,They Cloned Tyrone,2023,"Comedy,Mystery,Sci-Fi"
tt9873930,Unwitting Deceit,2020,Thriller
tt9874080,Encantado,2018,Documentary
tt9874290,Star Trek: Incident at Beta 9,2002,Sci-Fi
tt9875128,Halahal,2020,"Crime,Drama,Mystery"
tt9875452,Midnight Montage,2019,Horror
tt9875554,Alaska,2019,Drama
tt9875590,Hotel Mundial,2019,Drama
tt9875852,The House Elf,2019,"Comedy,Family,Fantasy"
tt9875900,Liquor House Comedy 2,2019,"Comedy,Documentary"
tt9876022,A Cidade dos Piratas,2018,Animation
tt9876160,Convoy 48,2019,"Drama,War"
tt9876288,Zero Impunity,2019,"Animation,Documentary,War"
tt9876298,O Segredo de Sara,2020,"Horror,Thriller"
tt9876582,Route 66,2018,Documentary
tt9876944,The Passion of Love,2018,"Drama,Romance"
tt9877138,Caught in Time,2020,"Action,Crime,Drama"
tt9877170,Malang,2020,"Action,Crime,Drama"
tt9877340,Nalpathiyonnu,2019,"Drama,Romance"
tt9877648,Daivam Sakshi,2019,Drama
tt9877846,Prashna Parihara Shala,2019,"Action,Drama"
tt9878242,Shubharathri,2019,"Drama,Romance"
tt9878246,The Deserter,2022,"Crime,Fantasy,Sci-Fi"
tt9878422,Za kulisami,2019,"Comedy,Drama"
tt9878504,Hollywood aan de schelde,2018,Documentary
tt9878598,No Such Thing as Housewives 2,2019,Comedy
tt9878650,Surviving the Storm,2023,Drama
tt9878666,Non più non ancora - Ritratti preadolescenti,2018,Documentary
tt9878856,Yatra: A Musical Vlog,2019,"Drama,Romance"
tt9878866,Subha Love,2019,Romance
tt9879060,The Winter Garden's Tale,2018,"Documentary,Drama"
tt9879482,Second Coming,2019,Horror
tt9879682,Chef's Diaries: Scotland,2019,Documentary
tt9879720,The Fig House,2019,Documentary
tt9880724,Verdict 19,2019,"Biography,Documentary,Drama"
tt9880982,Dulce familia,2019,"Comedy,Romance"
tt9881294,Sembravano applausi,2018,Documentary
tt9881330,The Theatre of Terror,2019,Horror
tt9881364,Gaja,2008,"Action,Comedy,Romance"
tt9881392,Ink of Yam,2017,Documentary
tt9881460,'Sono Gassman!' Vittorio re della commedia,2018,"Biography,Documentary"
tt9881572,Noose,2019,"Comedy,Drama,Mystery"
tt9881586,Rascal Does Not Dream of a Dreaming Girl,2019,"Animation,Drama,Fantasy"
tt9881616,La filla d'algú,2019,Drama
tt9881630,Nahuel and the Magic Book,2020,"Adventure,Animation,Family"
tt9881678,Chapter X,2023,"Drama,Fantasy,Horror"
tt9881850,Dalia and the Red Book,2024,"Adventure,Animation,Family"
tt9881872,Peacemaker Kurogane: Omo-michi,2018,"Action,Animation,Comedy"
tt9881924,El cuidado de los otros,2019,Drama
tt9881942,The Bilbaos,2023,Documentary
tt9882054,Schwarzer Garten,2018,"Horror,Mystery"
tt9882084,Chasing Happiness,2019,"Biography,Documentary,Music"
tt9882284,In Praise of Freedom,2019,Documentary
tt9882532,"Get Paid, Get Laid & Get Lucky",2019,"Crime,Drama,Romance"
tt9882750,King of Prism: Shiny Seven Stars,2019,"Animation,Musical,Sport"
tt9882978,"Don't Cry, Mr. Ogre",2019,Drama
tt9883042,Aakashaganga II,2019,Horror
tt9883398,Long Distance,2024,"Comedy,Drama,Sci-Fi"
tt9883832,Moonage Daydream,2022,"Biography,Documentary,Music"
tt9883948,Geometria del Esplendor,2016,Documentary
tt9883996,Dream Horse,2020,"Biography,Comedy,Drama"
tt9884024,Chubby Café,2019,"Comedy,Crime,Drama"
tt9884202,Zindagi Zindabaad,2023,"Action,Biography,Drama"
tt9884388,The Mux,2023,Drama
tt9884562,Ayyo Rama,2018,Comedy
tt9885000,One of a Kind,2023,Drama
tt9885666,Ramchandra Purushottam Joshi,2013,Drama
tt9886806,Conversazione su Tiresia,2018,Documentary
tt9886872,Munthiri Monchan,2019,"Comedy,Romance"
tt9886934,The Projectionist,2019,Documentary
tt9887106,Warriors of the Nation,2019,Drama
tt9887130,The Human Comedy,2019,Comedy
tt9887154,Jessie: The Golden Heart,2019,"Drama,History,Romance"
tt9887160,The Film,2012,Drama
tt9887164,Unforgivable Sin,2019,"Mystery,Thriller"
tt9887388,What Will Become of Us,2019,Documentary
tt9887520,Season of Love,2019,"Comedy,Romance"
tt9887568,Turned Out,2019,Drama
tt9887580,Bulletproof 2,2020,"Action,Comedy"
tt9888844,Vosotros sois mi película,2019,"Comedy,Documentary"
tt9888954,Reanimation Team,2022,"Action,Adventure,Sci-Fi"
tt9889412,My Father the Spy,2019,Documentary
tt9889814,Kiss Kiss Bang Bang,2017,"Crime,Romance,Thriller"
tt9889916,Head Constable Venkataramaiah,2017,"Action,Comedy"
tt9889918,2 Friends,2018,"Comedy,Drama,Romance"
tt9889926,Ratham,2018,"Comedy,Drama,Romance"
tt9889934,Guardian of the Light,2018,Drama
tt9889952,Ishtangaa,2018,"Comedy,Drama,Romance"
tt9890024,Ensemble,2018,"Documentary,Music"
tt9890028,Chocobar,2016,Romance
tt9890030,Prematho Mee Karthik,2017,"Action,Drama,Romance"
tt9890036,Green Card,2017,"Comedy,Drama,Romance"
tt9890052,Thai Curry,2019,Comedy
tt9890060,Maguy Marin: L'urgence d'agir,2019,Documentary
tt9890070,Maaya,2014,Thriller
tt9890120,Resurrection Corporation,2021,"Animation,Comedy,Horror"
tt9890308,Nasir,2020,Drama
tt9890322,Nirvana Inn,2019,Mystery
tt9890430,The Secret of Carlos Castaneda,2018,"Biography,Documentary"
tt9890758,Ultraman R/B: Select! The Crystal of Bond,2019,"Action,Sci-Fi"
tt9890850,Leyli va Macnun,1961,"Drama,History,Romance"
tt9891516,A Married Couple,2019,Documentary
tt9891640,Sergio Mendes in the Key of Joy,2020,"Biography,Documentary,Music"
tt9891830,The Strait Guys,2022,Documentary
tt9891874,Scarecrow County,2019,"Horror,Mystery,Thriller"
tt9891882,Elements Quest,2017,"Comedy,Fantasy"
tt9892094,Mogul Mowgli,2020,"Drama,Music"
tt9892338,Dare to Surf,2019,Drama
tt9892534,Plucked,2019,"Documentary,Music,Mystery"
tt9892546,Aladdin,2022,"Drama,Musical,Romance"
tt9892842,Tutto davanti a questi occhi,2018,Documentary
tt9892908,A Brand New Kitchen,2019,"Drama,Romance"
tt9892970,Schizophrenia: The Voices in My Head,2017,Documentary
tt9893012,The Black Minutes,2021,"Crime,Thriller"
tt9893078,Sublime,2019,"Biography,Documentary,Music"
tt9893084,Italian Studies,2021,Drama
tt9893130,"2025: Blood, White & Blue",2022,"Action,Comedy,Horror"
tt9893158,Clowning,2022,"Crime,Romance"
tt9893160,No Way Out,2022,"Action,Crime,Thriller"
tt9893250,I Care a Lot,2020,"Comedy,Crime,Drama"
tt9893266,These Streets We Haunt,2021,"Drama,Fantasy"
tt9893824,Bright Hill Road,2020,Horror
tt9893922,The Great Reunion,1948,Drama
tt9894098,Sathru,2019,Thriller
tt9894108,vajau ka?,1996,Comedy
tt9894394,Upin & Ipin: Keris Siamang Tunggal,2019,"Adventure,Animation,Comedy"
tt9894418,Goko Mako,2019,"Adventure,Comedy,Drama"
tt9894440,Min pappa Marianne,2020,"Comedy,Drama"
tt9894450,Felicità,2020,"Comedy,Drama"
tt9894470,VFW,2019,"Action,Crime,Horror"
tt9894660,Baby Done,2020,Comedy
tt9894668,Ikea 2,2016,Drama
tt9894894,Caviar,2019,Comedy
tt9895024,Heiko's World,2021,"Comedy,Drama,Sport"
tt9896252,Killing Patient Zero,2019,"Documentary,History"
tt9896768,The Immortal Wars: Rebirth,2021,Sci-Fi
tt9896876,India Sweets and Spices,2021,Comedy
tt9896916,Pilgrim's Progress,2019,"Adventure,Animation,Family"
tt9897230,Smiling Georgia,2023,Documentary
tt9897258,Rose Stone Star,2020,Drama
tt9897520,12 Days to Destiny,2019,Romance
tt9897722,Malintzin: The Story of an Enigma,2019,Documentary
tt9897744,"Duga, les charognards",2019,"Comedy,Drama"
tt9898086,Carol of the Bells,2019,Drama
tt9898328,Cash Collectors,2025,Comedy
tt9898368,Langit Tidak Selalu Cerah,1981,Drama
tt9898602,Hantu Jerangkung,1957,Horror
tt9898844,The Hunting,2021,"Crime,Horror,Mystery"
tt9898858,Coffee & Kareem,2020,"Action,Comedy,Crime"
tt9899716,Star Trek Enterprise II: Der Anfang vom Ende,2016,"Animation,Sci-Fi"
tt9899840,Auntie Frog,2018,"Adventure,Comedy,Family"
tt9899850,The Agitation,2019,"Crime,Mystery,Thriller"
tt9899860,Watching This Movie Is a Crime,2019,"Drama,Thriller"
tt9899880,Columbus,2018,"Comedy,Drama"
tt9899938,Journey of the Sky Goddess,2019,"Comedy,Drama"
tt9900050,Duniya Khatam Ho Rahi Hai,2017,Comedy
tt9900060,Lupin the Third: Fujiko's Lie,2019,"Adventure,Animation,Crime"
tt9900180,Aavahayami,2017,Mystery
tt9900354,Anak Sulung Tujuh Keturunan,1982,"Action,Drama"
tt9900388,Hansa: Ek Sanyog,2019,Drama
tt9900398,Love Lives Here,2019,Drama
tt9900552,The Sacred Riana: Beginning,2019,Horror
tt9900570,Spicy Teacher,2018,Comedy
tt9900614,Lady Boss,2005,"Comedy,Family,Romance"
tt9900688,Big Three Dragons,2019,Comedy
tt9900782,Kaithi,2019,"Action,Crime,Thriller"
tt9900940,Scrapper,2021,"Crime,Drama,Thriller"
tt9901532,Slutdestination dödssjuk,2019,Comedy
tt9902160,Herself,2020,Drama
tt9903716,Jessie,2019,"Horror,Thriller"
tt9903802,Dosage Volume I,2002,"Action,Documentary,Sport"
tt9903890,The Curse of EVE,2019,"Drama,Horror"
tt9903920,Dosage Volume II,2003,"Action,Documentary,Sport"
tt9903952,BADMEN (with a good behavior),2018,"Comedy,Horror"
tt9903968,Dosage Volume III,2005,"Action,Documentary,Sport"
tt9904004,Your Iron Lady,2020,Drama
tt9904010,Dosage Volume IV,2006,"Action,Documentary,Sport"
tt9904014,Lost in Klessin,2018,War
tt9904250,The Queen of the Lizards,2019,Fantasy
tt9904530,Scream Returns,2018,"Horror,Thriller"
tt9904552,All for the Money,2019,Comedy
tt9904648,The Contrast,2022,Comedy
tt9904670,Mountain Quest,2018,Documentary
tt9904802,Enemy Lines,2020,"Action,Drama,War"
tt9904820,American Terror Story,2019,Horror
tt9904844,Ott Tänak: The Movie,2019,"Documentary,Sport"
tt9905412,Ottam,2019,Drama
tt9905462,Pengalila,2019,Drama
tt9905476,Hand Rolled,2019,Documentary
tt9905796,July Kaatril,2019,"Drama,Romance"
tt9905932,Footloose in London: All the Best Sights of our Capital,2016,Documentary
tt9906128,Leak (Penangkeb),2019,Horror
tt9906218,Unstoppable,2019,Documentary
tt9906262,The Changin' Times of Ike White,2019,"Biography,Documentary,Music"
tt9906278,A Classic Tour of Scotland: Footloose Special,2016,Documentary
tt9906644,Manoharam,2019,"Comedy,Drama"
tt9907396,Footloose in the Cotswolds: Part 1,2016,Documentary
tt9907782,The Cursed,2021,"Fantasy,Horror,Mystery"
tt9908390,Le lion,2020,Comedy
tt9908960,Pliusas,2018,Comedy
tt9909228,Ximei,2019,Documentary
tt9909462,An Unprecedented Campaign,1931,Documentary
tt9909938,Xenosaga Episode 1: Der Wille Zur Macht,2005,"Animation,Sci-Fi"
tt9910206,Facebook idióták - A Mozifilm,2017,"Action,Adventure,Comedy"
tt9910238,Be 5min. vede,2017,"Comedy,Romance"
tt9910502,Hayatta Olmaz,2019,Comedy
tt9910530,Svartklubb,2020,Horror
tt9910778,DK Bose,2019,Comedy
tt9910930,Jeg ser deg,2019,"Crime,Documentary"
tt9911006,Ormma,2019,Drama
tt9911046,The Saving,2020,"Action,Drama"
tt9911196,The Marriage Escape,2020,"Comedy,Drama"
tt9911306,Kalikkoottukar,2019,"Drama,Romance"
tt9911774,Padmavyuhathile Abhimanyu,2019,Drama
tt9913056,Swarm Season,2019,Documentary
tt9913084,Diabolik Is Me,2019,Documentary
tt9913660,No Apology,2019,Drama
tt9913872,De la piel del Diablo,2019,Thriller
tt9913936,Paradise,2019,"Crime,Drama"
tt9914192,No Gogó do Paulinho,2020,Comedy
tt9914254,A Cherry Tale,2019,Documentary
tt9914286,Sokagin Çocuklari,2019,"Drama,Family"
tt9914642,Albatross,2017,Documentary
tt9914644,9/11: Escape from the Towers,2018,Documentary
tt9914662,Wien is 't Hof van Commerce,2018,Comedy
tt9914942,Life Without Sara Amat,2019,Drama
tt9914972,Blind Ambition,2021,Documentary
tt9915592,A Husband to Rent,1974,Comedy
tt9915790,Bobbyr Bondhura,2019,Family
tt9915872,The Last White Witch,2019,"Comedy,Drama,Fantasy"
tt9915946,Nuestra película,1993,Documentary
tt9916160,Drømmeland,2019,Documentary
tt9916170,The Rehearsal,2019,Drama
tt9916190,Safeguard,2020,"Action,Adventure,Thriller"
tt9916270,Il talento del calabrone,2020,Thriller
tt9916362,Coven,2020,"Drama,History,Horror"
tt9916428,The Secret of China,2019,"Adventure,History,War"
tt9916538,Kuambil Lagi Hatiku,2019,Drama
tt9916706,Dankyavar Danka,2013,Comedy
tt9916730,6 Gunn,2017,Drama
